collarid,DATETIME,LATITUDE,LONGITUDE,HEADING,SPEED,ALTITUDE
st2010-3500,01/01/2015 05:01,-1.243737,36.784233,24,0,1764
st2010-3500,01/01/2015 07:00,-1.24994,36.801668,64,0,1702
st2010-3500,01/01/2015 09:00,-1.253333,36.800753,47,0,1740
st2010-3500,01/01/2015 11:00,-1.105618,36.252117,264,108.6,1667
st2010-3500,01/01/2015 13:02,-1.398793,35.544678,283,33.3,1705
st2010-3500,01/01/2015 15:00,-1.460915,35.231735,268,0,1555
st2010-3500,02/01/2015 05:02,-1.44286,35.197,145,28.8,1627
st2010-3500,02/01/2015 07:00,-1.521142,35.317168,100,0,1719
st2010-3500,02/01/2015 09:00,-1.5208,35.316467,201,0,1714
st2010-3500,02/01/2015 11:01,-1.626648,35.346643,250,0,1830
st2010-3500,02/01/2015 13:00,-1.603722,35.311343,342,17,1771
st2010-3500,02/01/2015 15:01,-1.541827,35.279162,62,9.4,1712
st2010-3500,03/01/2015 05:01,-1.358882,35.135055,16,8.8,1551
st2010-3500,03/01/2015 07:00,-1.365045,35.136242,265,13.9,1553
st2010-3500,03/01/2015 09:00,-1.36471,35.136605,153,0,1537
st2010-3500,03/01/2015 11:00,-1.383098,35.145333,0,0,1575
st2010-3500,03/01/2015 13:01,-1.364682,35.136622,134,0,1552
st2010-3500,03/01/2015 15:00,-1.460995,35.231853,100,3.1,1602
st2010-3500,04/01/2015 05:00,-1.45441,35.21523,246,0,1552
st2010-3500,04/01/2015 07:00,-1.364977,35.136728,308,0,1552
st2010-3500,04/01/2015 09:01,-1.37015,35.15372,121,45.9,1552
st2010-3500,04/01/2015 11:00,-1.516715,35.32028,179,0,1705
st2010-3500,04/01/2015 13:00,-1.516617,35.320863,169,0,1697
st2010-3500,04/01/2015 15:00,-1.441432,35.214942,0,0,1588
st2010-3500,05/01/2015 05:00,-1.460975,35.231793,70,0,1575
st2010-3500,05/01/2015 07:00,-1.460895,35.231952,0,0,1623
st2010-3500,05/01/2015 09:02,-1.441862,35.216175,263,0,1538
st2010-3500,05/01/2015 11:00,-1.441878,35.216485,289,0,1592
st2010-3500,05/01/2015 13:00,-1.441717,35.216075,305,0,1540
st2010-3500,05/01/2015 15:00,-1.441323,35.215395,338,0,1565
st2010-3500,06/01/2015 05:00,-1.364982,35.136228,53,0,1541
st2010-3500,06/01/2015 07:00,-1.364775,35.136813,77,0,1581
st2010-3500,06/01/2015 09:00,-1.344077,35.090192,216,55.4,1705
st2010-3500,06/01/2015 10:59,-1.362668,34.994213,0,0,1565
st2010-3500,06/01/2015 13:00,-1.362695,34.994242,96,0,1561
st2010-3500,06/01/2015 14:59,-1.363363,34.994565,0,0,1550
st2010-3500,07/01/2015 05:00,-1.362582,34.99422,318,0,1559
st2010-3500,07/01/2015 07:00,-1.362612,34.994183,53,0,1557
st2010-3500,07/01/2015 09:01,-1.378,35.141713,223,0,1551
st2010-3500,07/01/2015 11:00,-1.604273,35.082907,141,0,1524
st2010-3500,07/01/2015 13:01,-1.604698,35.082698,319,0,1540
st2010-3500,07/01/2015 15:00,-1.603098,35.083215,290,0,1534
st2010-3500,08/01/2015 05:00,-1.603085,35.08352,291,0,1537
st2010-3500,08/01/2015 07:00,-1.602798,35.083705,81,0,1535
st2010-3500,08/01/2015 09:00,-1.855752,35.206147,122,34.9,2054
st2010-3500,08/01/2015 11:00,-2.204473,35.248658,345,0,1713
st2010-3500,08/01/2015 13:00,-2.090005,35.21955,225,41,1783
st2010-3500,08/01/2015 15:00,-2.093057,35.215112,82,0,1709
st2010-3500,09/01/2015 05:00,-2.08374,35.214563,60,0,1749
st2010-3500,09/01/2015 07:00,-2.030585,35.360683,0,0,2379
st2010-3500,09/01/2015 09:00,-2.073588,35.186822,179,71.9,2399
st2010-3500,09/01/2015 11:00,-2.125967,35.140067,0,0,1677
st2010-3500,09/01/2015 13:00,-2.126377,35.139732,54,0,1679
st2010-3500,09/01/2015 15:00,-2.12613,35.141817,0,0,1698
st2010-3500,10/01/2015 05:00,-2.134007,35.156498,13,0,1693
st2010-3500,10/01/2015 07:00,-2.134058,35.159713,23,69.4,2148
st2010-3500,10/01/2015 09:00,-2.079783,35.188607,346,76.1,2279
st2010-3500,10/01/2015 11:00,-2.14319,35.186847,183,0,1670
st2010-3500,10/01/2015 13:00,-2.124913,35.229832,78,0,1795
st2010-3500,10/01/2015 15:00,-2.123858,35.230333,112,0,1794
st2010-3500,11/01/2015 05:00,-2.12528,35.230757,34,0,1792
st2010-3500,11/01/2015 07:00,-1.876575,35.153762,87,44.8,1804
st2010-3500,11/01/2015 09:00,-1.411612,35.006278,3,78.3,2010
st2010-3500,11/01/2015 10:59,-1.363,34.995693,233,0,1570
st2010-3500,11/01/2015 13:00,-1.362997,34.995675,70,0,1561
st2010-3500,11/01/2015 15:00,-1.362627,34.99427,23,0,1572
st2010-3500,12/01/2015 05:00,-1.362652,34.994257,63,0,1564
st2010-3500,12/01/2015 07:00,-1.362527,34.994275,0,0,1571
st2010-3500,12/01/2015 09:00,-1.382163,34.987722,75,29.3,1660
st2010-3500,12/01/2015 11:00,-1.3631,35.003923,0,0,2564
st2010-3500,12/01/2015 13:00,-1.362672,34.994233,49,0,1569
st2010-3500,12/01/2015 15:00,-1.362673,34.99423,0,0,1566
st2010-3500,13/01/2015 05:00,-1.362977,34.99568,61,0,1556
st2010-3500,13/01/2015 07:00,-1.371425,35.00833,27,34.6,1906
st2010-3500,13/01/2015 09:00,-1.35951,34.987868,19,17.8,1979
st2010-3500,13/01/2015 11:00,-1.247412,35.064692,225,0,1633
st2010-3500,13/01/2015 13:00,-1.362645,34.994248,36,0,1562
st2010-3500,13/01/2015 15:00,-1.362697,34.99421,91,0,1564
st2010-3500,14/01/2015 05:00,-1.372983,35.003447,96,0,1548
st2010-3500,14/01/2015 07:00,-1.37655,34.999295,119,0,1547
st2010-3500,14/01/2015 09:00,-1.383743,35.011465,158,37.3,1991
st2010-3500,14/01/2015 11:00,-1.277585,35.550815,223,56.5,2443
st2010-3500,14/01/2015 13:00,-1.324228,35.482318,42,0,1825
st2010-3500,14/01/2015 15:00,-1.324255,35.482345,313,0,1818
st2010-3500,15/01/2015 05:00,-1.3242,35.482307,80,0,1822
st2010-3500,15/01/2015 07:00,-1.337188,35.46202,69,0,1799
st2010-3500,15/01/2015 09:00,-1.35353,35.28676,278,71.1,2080
st2010-3500,15/01/2015 11:00,-1.374303,35.247135,145,0,1667
st2010-3500,15/01/2015 13:00,-1.35326,35.47298,101,52.1,2360
st2010-3500,15/01/2015 15:00,-1.369092,35.458217,356,0,1775
st2010-3500,16/01/2015 05:00,-1.36905,35.458355,258,0,1753
st2010-3500,16/01/2015 07:00,-1.383485,35.44806,223,0,1768
st2010-3500,16/01/2015 09:00,-1.42431,35.36176,238,0,1679
st2010-3500,16/01/2015 11:00,-1.48592,35.479183,171,28.4,2082
st2010-3500,16/01/2015 13:00,-1.567727,35.47555,38,0,1857
st2010-3500,16/01/2015 15:00,-1.567702,35.475557,47,0,1862
st2010-3500,17/01/2015 05:00,-1.568157,35.475502,5,0,1851
st2010-3500,17/01/2015 06:59,-1.527695,35.448313,273,67.5,2468
st2010-3500,17/01/2015 09:00,-1.36831,35.290212,172,0,1770
st2010-3500,17/01/2015 10:59,-1.641678,35.146202,353,0,1630
st2010-3500,17/01/2015 13:00,-1.68255,35.130672,27,0,1866
st2010-3500,17/01/2015 14:59,-1.68256,35.13064,258,0,1873
st2010-3500,18/01/2015 05:00,-1.682542,35.130657,109,0,1863
st2010-3500,18/01/2015 07:00,-1.68252,35.130663,245,0,1874
st2010-3500,18/01/2015 13:00,-1.978718,35.247608,13,0,1891
st2010-3500,18/01/2015 15:00,-1.978712,35.247567,53,0,1890
st2010-3500,19/01/2015 05:00,-1.97876,35.247615,112,0,1885
st2010-3500,19/01/2015 07:00,-1.993743,35.248283,223,0,1852
st2010-3500,19/01/2015 09:00,-2.054287,35.177898,282,57.3,2171
st2010-3500,19/01/2015 11:00,-2.389492,35.250258,213,0,1810
st2010-3500,19/01/2015 13:00,-2.389613,35.250288,65,0,1805
st2010-3500,19/01/2015 15:00,-2.391047,35.257288,89,0,1818
st2010-3500,20/01/2015 05:00,-2.388342,35.260933,120,0,1810
st2010-3500,20/01/2015 07:00,-2.393537,35.254652,0,0,1804
st2010-3500,20/01/2015 09:00,-2.288947,35.163732,183,0,1723
st2010-3500,20/01/2015 11:00,-2.29034,35.16401,0,0,1710
st2010-3500,20/01/2015 13:00,-2.290315,35.16408,47,0,1711
st2010-3500,20/01/2015 15:00,-2.29299,35.16822,0,0,1732
st2010-3500,21/01/2015 05:00,-2.302798,35.166535,123,0,1750
st2010-3500,21/01/2015 07:00,-2.311798,35.165948,43,0,1756
st2010-3500,21/01/2015 09:00,-2.313303,35.17352,175,0,1766
st2010-3500,21/01/2015 11:00,-2.242867,35.096462,143,0,1620
st2010-3500,21/01/2015 13:00,-2.25851,35.167175,205,37.5,1904
st2010-3500,21/01/2015 15:00,-2.245788,35.242123,343,0,1780
st2010-3500,22/01/2015 05:00,-2.246113,35.233447,103,0,1761
st2010-3500,22/01/2015 06:59,-2.242847,35.164462,193,0,1694
st2010-3500,22/01/2015 09:00,-2.239687,35.165808,236,0,1712
st2010-3500,22/01/2015 11:00,-2.278708,35.127302,112,2.2,1705
st2010-3500,22/01/2015 13:00,-2.275715,35.19859,173,56.1,2129
st2010-3500,22/01/2015 15:00,-2.320088,35.293937,351,0,1880
st2010-3500,23/01/2015 05:00,-2.315027,35.273198,359,0,1872
st2010-3500,23/01/2015 07:00,-2.315102,35.27317,256,0,1866
st2010-3500,23/01/2015 09:00,-2.31504,35.273288,287,0,1875
st2010-3500,23/01/2015 11:00,-2.324425,35.318305,29,50.5,1919
st2010-3500,23/01/2015 13:00,-2.3103,35.295828,78,48.6,2252
st2010-3500,23/01/2015 15:00,-2.293133,35.311492,13,0,1855
st2010-3500,24/01/2015 05:00,-2.271643,35.302082,56,0,1816
st2010-3500,24/01/2015 07:00,-2.271622,35.302132,237,0,1809
st2010-3500,24/01/2015 09:00,-2.271607,35.302292,279,0,1829
st2010-3500,24/01/2015 11:00,-2.2716,35.30232,67,0,1818
st2010-3500,24/01/2015 13:00,-2.249623,35.29375,72,21.6,2276
st2010-3500,24/01/2015 15:00,-2.289137,35.309068,132,0,1824
st2010-3500,25/01/2015 05:00,-2.276325,35.303885,104,0,1837
st2010-3500,25/01/2015 07:00,-2.326055,35.297802,32,0,1867
st2010-3500,25/01/2015 09:00,-2.34166,35.194167,351,51.1,2215
st2010-3500,25/01/2015 11:00,-2.210528,35.208727,51,0,1666
st2010-3500,25/01/2015 13:00,-2.215257,35.212773,44,0,1680
st2010-3500,25/01/2015 15:00,-2.21378,35.2116,225,0,1676
st2010-3500,26/01/2015 05:00,-2.215697,35.218173,59,0,1710
st2010-3500,26/01/2015 07:00,-2.240263,35.235262,258,0,1774
st2010-3500,26/01/2015 09:00,-2.240245,35.235208,215,0,1755
st2010-3500,26/01/2015 11:00,-2.240212,35.235195,87,0,1741
st2010-3500,26/01/2015 13:00,-2.24022,35.233103,5,0,1748
st2010-3500,26/01/2015 15:00,-2.240458,35.233177,112,0,1703
st2010-3500,27/01/2015 05:00,-2.22766,35.231253,76,0,1753
st2010-3500,27/01/2015 07:00,-2.174767,35.159515,223,0,1620
st2010-3500,27/01/2015 09:00,-2.174778,35.15955,322,0,1628
st2010-3500,27/01/2015 11:00,-1.465178,35.05455,340,37.4,1904
st2010-3500,27/01/2015 13:00,-1.328368,35.003405,35,0,1558
st2010-3500,27/01/2015 15:00,-1.326033,35.003582,334,0,1564
st2010-3500,28/01/2015 05:00,-1.32605,35.003662,146,0,1568
st2010-3500,28/01/2015 06:59,-1.367745,34.988147,0,0,1534
st2010-3500,28/01/2015 09:00,-1.36332,34.994537,282,0,1562
st2010-3500,28/01/2015 10:59,-1.351133,35.1011,0,0,1920
st2010-3500,28/01/2015 13:00,-1.362665,34.994237,126,0,1567
st2010-3500,28/01/2015 14:59,-1.362768,34.994295,0,0,1569
st2010-3500,29/01/2015 05:00,-1.36296,34.995703,131,0,1557
st2010-3500,29/01/2015 07:00,-1.36296,34.995672,338,0,1558
st2010-3500,29/01/2015 09:00,-1.625573,34.917007,7,38.2,1652
st2010-3500,29/01/2015 11:00,-1.929908,35.037388,224,58.8,1753
st2010-3500,29/01/2015 13:00,-2.190952,35.141263,285,67.2,1780
st2010-3500,29/01/2015 15:00,-2.234107,35.139515,0,0,1636
st2010-3500,30/01/2015 05:00,-2.23196,35.124972,189,0,1607
st2010-3500,30/01/2015 07:00,-2.218285,35.056912,243,60.2,2081
st2010-3500,30/01/2015 09:00,-2.04999,35.16833,13,0,1711
st2010-3500,30/01/2015 11:00,-2.049853,35.168398,230,2.2,1702
st2010-3500,30/01/2015 13:00,-2.049218,35.16741,130,0,1717
st2010-3500,30/01/2015 15:00,-2.049172,35.167368,318,0,1720
st2010-3500,31/01/2015 05:00,-2.049615,35.162957,28,0,1705
st2010-3500,31/01/2015 07:00,-2.049958,35.163255,0,0,1710
st2010-3500,31/01/2015 09:00,-2.04996,35.163277,181,0,1714
st2010-3500,31/01/2015 11:00,-2.049963,35.163258,0,0,1701
st2010-3500,31/01/2015 13:00,-2.049975,35.16327,67,0,1710
st2010-3500,31/01/2015 15:00,-2.04892,35.161403,45,0,1708
st2010-3500,01/02/2015 05:00,-2.048437,35.161863,189,0,1712
st2010-3500,01/02/2015 07:00,-2.050503,35.160062,222,0,1703
st2010-3500,01/02/2015 09:01,-2.053028,35.189203,149,0,1699
st2010-3500,01/02/2015 11:00,-2.052937,35.189298,170,0,1743
st2010-3500,01/02/2015 13:00,-2.048233,35.182822,74,0,1734
st2010-3500,01/02/2015 15:00,-2.04888,35.182643,75,0,1742
st2010-3500,02/02/2015 05:00,-2.043185,35.153703,97,0,1723
st2010-3500,02/02/2015 06:59,-2.003768,35.211197,187,50.5,2061
st2010-3500,02/02/2015 09:00,-2.018092,35.176907,63,0,2065
st2010-3500,02/02/2015 11:00,-2.067665,35.275375,118,23.9,2408
st2010-3500,02/02/2015 12:59,-1.984918,35.235678,116,20.6,2252
st2010-3500,02/02/2015 15:00,-2.00417,35.254092,72,0,1834
st2010-3500,03/02/2015 05:00,-2.00554,35.261323,293,0,1830
st2010-3500,03/02/2015 07:00,-2.002455,35.269352,250,0,1855
st2010-3500,03/02/2015 09:00,-2.002297,35.269457,282,0,1864
st2010-3500,03/02/2015 11:00,-2.143223,35.186852,80,0,1666
st2010-3500,03/02/2015 13:00,-2.143287,35.186858,320,0,1673
st2010-3500,03/02/2015 15:00,-2.143302,35.186835,359,0,1677
st2010-3500,04/02/2015 05:00,-2.158553,35.159343,238,0,1622
st2010-3500,04/02/2015 07:00,-2.158567,35.159277,243,0,1625
st2010-3500,04/02/2015 09:00,-2.16007,35.160245,31,0,1636
st2010-3500,04/02/2015 11:00,-2.14401,35.186572,216,0,1670
st2010-3500,04/02/2015 13:00,-2.143943,35.186577,334,0,1668
st2010-3500,04/02/2015 15:00,-2.157432,35.166298,355,0,1668
st2010-3500,05/02/2015 05:00,-2.16252,35.162438,16,0,1648
st2010-3500,05/02/2015 07:00,-2.168613,35.156428,0,0,1654
st2010-3500,05/02/2015 09:00,-2.16862,35.156402,295,0,1652
st2010-3500,05/02/2015 11:00,-1.883603,35.19136,0,0,1758
st2010-3500,05/02/2015 13:00,-1.883645,35.191387,322,0,1754
st2010-3500,05/02/2015 15:00,-1.883667,35.191435,354,0,1746
st2010-3500,06/02/2015 05:00,-1.8686,35.181557,88,0,1773
st2010-3500,06/02/2015 07:00,-1.868615,35.181223,75,0,1699
st2010-3500,06/02/2015 09:00,-1.849672,35.174042,312,53.6,1888
st2010-3500,06/02/2015 11:00,-1.84846,35.185567,83,57.2,1916
st2010-3500,06/02/2015 13:00,-1.867095,35.20202,337,0,1735
st2010-3500,06/02/2015 15:00,-1.867102,35.201992,38,0,1736
st2010-3500,07/02/2015 05:00,-1.867085,35.202025,97,0,1727
st2010-3500,07/02/2015 06:59,-1.869468,35.182683,45,0,1716
st2010-3500,07/02/2015 09:00,-1.561583,35.080878,321,84.3,1891
st2010-3500,07/02/2015 10:59,-1.33995,34.993212,0,0,2599
st2010-3500,07/02/2015 13:00,-1.36327,34.994552,233,0,1550
st2010-3500,07/02/2015 15:00,-1.362227,34.994352,13,0,1572
st2010-3500,08/02/2015 05:00,-1.362588,34.994242,210,0,1558
st2010-3500,08/02/2015 07:00,-1.362697,34.994142,0,0,1548
st2010-3500,08/02/2015 09:00,-1.512425,34.9283,121,68.2,2217
st2010-3500,08/02/2015 11:00,-1.869487,35.182732,0,0,1703
st2010-3500,08/02/2015 13:00,-1.864677,35.17885,308,0,1711
st2010-3500,08/02/2015 15:00,-1.863937,35.173923,0,0,1676
st2010-3500,09/02/2015 05:00,-1.860107,35.168795,341,0,1694
st2010-3500,09/02/2015 07:00,-1.860102,35.168797,29,0,1699
st2010-3500,09/02/2015 09:00,-1.859858,35.168305,356,0,1705
st2010-3500,09/02/2015 11:00,-1.859937,35.166523,131,0,1701
st2010-3500,09/02/2015 13:00,-1.859915,35.166532,52,0,1699
st2010-3500,09/02/2015 15:00,-1.859893,35.166518,16,0,1699
st2010-3500,10/02/2015 05:00,-1.85617,35.159843,77,0,1697
st2010-3500,10/02/2015 07:00,-1.854917,35.106407,199,52.5,1749
st2010-3500,10/02/2015 09:00,-1.812118,35.199062,89,0,1759
st2010-3500,10/02/2015 11:00,-1.811292,35.206868,54,0,1762
st2010-3500,10/02/2015 13:00,-1.811938,35.199348,178,0,1749
st2010-3500,10/02/2015 15:00,-1.811907,35.199297,0,0,1762
st2010-3500,11/02/2015 05:00,-1.813353,35.199745,91,0,1758
st2010-3500,11/02/2015 07:00,-1.811958,35.19896,285,0,1743
st2010-3500,11/02/2015 09:00,-1.866157,35.153943,324,72.1,2234
st2010-3500,11/02/2015 11:00,-1.767775,35.173307,121,25.4,2252
st2010-3500,11/02/2015 13:00,-1.757998,35.203163,323,0,2028
st2010-3500,11/02/2015 15:00,-1.760738,35.184662,0,0,1787
st2010-3500,12/02/2015 05:00,-1.758107,35.18055,131,0,1742
st2010-3500,12/02/2015 07:00,-1.75804,35.180552,344,0,1741
st2010-3500,12/02/2015 09:00,-1.75803,35.180505,52,0,1741
st2010-3500,12/02/2015 11:00,-1.468455,35.014598,268,61.6,2305
st2010-3500,12/02/2015 13:00,-1.347888,35.001528,353,0,1574
st2010-3500,12/02/2015 15:00,-1.348012,35.001557,42,0,1563
st2010-3500,13/02/2015 05:00,-1.347313,35.002177,125,0,1563
st2010-3500,13/02/2015 06:59,-1.391777,35.01121,0,0,1544
st2010-3500,13/02/2015 09:00,-1.363323,34.994568,18,0,1556
st2010-3500,13/02/2015 10:59,-1.363788,34.99555,0,0,1592
st2010-3500,13/02/2015 13:00,-1.714947,35.19648,173,38.1,1971
st2010-3500,13/02/2015 14:59,-1.716062,35.167332,0,0,1739
st2010-3500,14/02/2015 05:00,-1.699428,35.195403,130,0,1658
st2010-3500,14/02/2015 07:00,-1.698425,35.192663,198,0,1661
st2010-3500,14/02/2015 09:00,-1.698535,35.192978,199,0,1661
st2010-3500,14/02/2015 11:00,-1.69914,35.194528,63,0,1657
st2010-3500,14/02/2015 13:00,-1.699155,35.194498,344,0,1656
st2010-3500,14/02/2015 15:00,-1.699125,35.194467,75,0,1658
st2010-3500,15/02/2015 05:00,-1.70863,35.200212,73,0,1673
st2010-3500,15/02/2015 07:00,-1.706793,35.199728,219,0,1687
st2010-3500,15/02/2015 09:00,-1.706852,35.199767,175,0,1686
st2010-3500,15/02/2015 11:00,-1.706108,35.19823,63,0,1677
st2010-3500,15/02/2015 13:00,-1.70035,35.191288,341,0,1663
st2010-3500,15/02/2015 15:00,-1.700348,35.191277,56,0,1660
st2010-3500,16/02/2015 05:00,-1.701647,35.192233,332,0,1669
st2010-3500,16/02/2015 07:00,-1.700173,35.1683,0,0,1896
st2010-3500,16/02/2015 09:00,-1.677682,35.194967,92,0,1635
st2010-3500,16/02/2015 11:00,-1.677755,35.194988,0,0,1638
st2010-3500,16/02/2015 13:00,-1.67775,35.194948,343,0,1636
st2010-3500,16/02/2015 15:00,-1.67401,35.195425,84,0,1598
st2010-3500,17/02/2015 05:00,-1.64092,35.209437,21,0,1618
st2010-3500,17/02/2015 07:00,-1.648113,35.205598,236,0,1594
st2010-3500,17/02/2015 09:00,-1.649508,35.205957,48,0,1580
st2010-3500,17/02/2015 11:00,-1.649508,35.206025,51,0,1595
st2010-3500,17/02/2015 13:00,-1.64946,35.205915,347,0,1601
st2010-3500,17/02/2015 15:00,-1.649585,35.205923,16,0,1588
st2010-3500,18/02/2015 05:00,-1.648525,35.2062,57,0,1593
st2010-3500,18/02/2015 06:59,-1.649502,35.20589,184,0,1587
st2010-3500,18/02/2015 09:00,-1.590115,35.188687,149,71.7,1779
st2010-3500,18/02/2015 10:59,-1.584413,35.147792,0,0,1584
st2010-3500,18/02/2015 13:00,-1.680878,35.294615,226,75.4,2217
st2010-3500,18/02/2015 14:59,-1.674342,35.271732,24,0,1714
st2010-3500,19/02/2015 05:00,-1.67995,35.280052,46,0,1706
st2010-3500,19/02/2015 07:00,-1.681612,35.273167,0,0,1720
st2010-3500,19/02/2015 09:00,-1.744632,35.283247,247,83.6,2533
st2010-3500,19/02/2015 11:00,-1.589753,35.184637,262,0,1603
st2010-3500,19/02/2015 13:00,-1.589678,35.184628,333,0,1599
st2010-3500,19/02/2015 15:00,-1.58972,35.184653,43,0,1593
st2010-3500,20/02/2015 05:00,-1.59415,35.185965,216,0,1598
st2010-3500,20/02/2015 07:00,-1.597788,35.185582,249,0,1602
st2010-3500,20/02/2015 09:00,-1.589717,35.184638,5,0,1605
st2010-3500,20/02/2015 11:00,-1.589722,35.184667,82,0,1594
st2010-3500,20/02/2015 13:00,-1.589725,35.184697,306,0,1589
st2010-3500,20/02/2015 15:00,-1.590345,35.177625,1,0,1583
st2010-3500,21/02/2015 05:00,-1.597583,35.178435,194,0,1594
st2010-3500,21/02/2015 07:00,-1.589595,35.184788,152,0,1599
st2010-3500,21/02/2015 09:00,-1.589597,35.18476,61,0,1596
st2010-3500,21/02/2015 11:00,-1.50093,35.098302,47,44.1,2027
st2010-3500,21/02/2015 13:01,-1.60692,35.179982,298,0,1585
st2010-3500,21/02/2015 15:00,-1.606972,35.180025,106,0,1595
st2010-3500,22/02/2015 05:00,-1.60561,35.182427,127,0,1623
st2010-3500,22/02/2015 07:00,-1.60355,35.174815,336,0,1599
st2010-3500,22/02/2015 09:00,-1.363343,34.994543,209,0,1556
st2010-3500,22/02/2015 11:00,-1.363378,34.99463,0,0,1557
st2010-3500,22/02/2015 13:00,-1.463583,35.11271,198,40.1,1940
st2010-3500,22/02/2015 15:00,-1.495827,35.141545,65,0,1566
st2010-3500,23/02/2015 05:00,-1.490338,35.141167,103,0,1560
st2010-3500,23/02/2015 07:00,-1.490338,35.141168,209,0,1556
st2010-3500,23/02/2015 09:00,-1.754312,35.138968,315,37,1819
st2010-3500,23/02/2015 11:00,-1.600663,35.139142,338,0,1533
st2010-3500,23/02/2015 13:00,-1.578313,35.022988,145,37,2031
st2010-3500,23/02/2015 15:00,-1.581795,35.026417,40,0,1837
st2010-3500,24/02/2015 05:00,-1.585082,35.022458,214,0,1527
st2010-3500,24/02/2015 07:00,-1.528675,34.994058,290,62.4,1834
st2010-3500,24/02/2015 09:00,-1.352332,34.993772,306,42,1864
st2010-3500,24/02/2015 11:00,-1.412257,35.133275,101,63.7,2326
st2010-3500,24/02/2015 13:00,-1.556488,35.030622,80,0,1504
st2010-3500,24/02/2015 15:00,-1.556468,35.030647,143,0,1502
st2010-3500,25/02/2015 05:00,-1.552335,35.028177,241,0,1494
st2010-3500,25/02/2015 06:59,-1.534058,35.029172,0,0,1493
st2010-3500,25/02/2015 09:00,-1.534067,35.02918,228,0,1496
st2010-3500,25/02/2015 10:59,-1.520973,35.021057,0,0,1953
st2010-3500,25/02/2015 13:00,-1.51065,35.026138,194,0,1525
st2010-3500,25/02/2015 14:59,-1.51063,35.026197,0,0,1498
st2010-3500,26/02/2015 05:00,-1.508563,35.02284,125,0,1493
st2010-3500,26/02/2015 07:00,-1.508688,35.0229,264,0,1484
st2010-3500,26/02/2015 09:01,-1.362668,34.994197,186,0,1552
st2010-3500,26/02/2015 11:00,-1.362653,34.994178,0,0,1563
st2010-3500,26/02/2015 13:00,-1.362647,34.994217,358,0,1561
st2010-3500,26/02/2015 15:00,-1.362687,34.994208,0,0,1563
st2010-3500,27/02/2015 05:00,-1.374048,34.992283,147,0,1561
st2010-3500,27/02/2015 07:00,-1.417913,35.074032,1,18.9,1560
st2010-3500,27/02/2015 09:00,-1.288298,35.126683,194,0,1614
st2010-3500,27/02/2015 11:00,-1.285802,35.114138,159,30.8,1757
st2010-3500,27/02/2015 13:00,-1.449958,35.053458,55,0,1505
st2010-3500,27/02/2015 15:00,-1.44414,35.056428,70,0,1507
st2010-3500,28/02/2015 05:00,-1.441832,35.05725,243,0,1514
st2010-3500,28/02/2015 07:00,-1.444287,35.058147,0,0,1502
st2010-3500,28/02/2015 09:00,-1.446357,35.058113,181,0,1514
st2010-3500,28/02/2015 11:00,-1.446355,35.058035,216,0,1510
st2010-3500,28/02/2015 13:00,-1.446332,35.058095,45,0,1513
st2010-3500,28/02/2015 15:00,-1.446377,35.0581,57,0,1516
st2010-3500,01/03/2015 05:00,-1.444892,35.05511,68,0,1495
st2010-3500,01/03/2015 07:00,-1.444997,35.055728,208,0,1499
st2010-3500,01/03/2015 09:00,-1.362692,34.994218,325,0,1562
st2010-3500,01/03/2015 11:00,-1.362677,34.99419,100,0,1563
st2010-3500,01/03/2015 13:00,-1.363305,34.994545,39,0,1557
st2010-3500,01/03/2015 15:00,-1.363307,34.994517,342,0,1550
st2010-3500,02/03/2015 05:00,-1.36851,34.998903,224,0,1551
st2010-3500,02/03/2015 07:00,-1.382287,35.01196,76,0,1547
st2010-3500,02/03/2015 09:00,-1.362722,34.994208,107,0,1557
st2010-3500,02/03/2015 11:00,-1.362972,34.995778,69,0,1535
st2010-3500,02/03/2015 13:00,-1.362845,34.977253,80,83.1,3014
st2010-3500,02/03/2015 15:00,-1.445597,35.05765,296,0,1514
st2010-3500,03/03/2015 05:00,-1.445595,35.057658,100,0,1515
st2010-3500,03/03/2015 06:59,-1.429283,34.96176,58,0,1599
st2010-3500,03/03/2015 09:00,-1.36264,34.994232,161,0,1562
st2010-3500,03/03/2015 11:00,-1.363332,34.994552,124,0,1561
st2010-3500,03/03/2015 13:00,-1.356483,34.97337,8,49,3266
st2010-3500,03/03/2015 14:59,-1.362667,34.994235,0,0,1564
st2010-3500,04/03/2015 05:00,-1.368213,35.013757,279,0,1553
st2010-3500,04/03/2015 07:00,-1.373922,34.992147,167,0,1565
st2010-3500,04/03/2015 09:00,-1.448507,34.962135,181,0,1488
st2010-3500,04/03/2015 11:00,-1.448573,34.961063,175,31.4,1588
st2010-3500,04/03/2015 13:00,-1.362653,34.994205,79,0,1566
st2010-3500,04/03/2015 15:00,-1.362632,34.99419,328,0,1569
st2010-3500,05/03/2015 05:00,-1.368503,34.998893,227,0,1552
st2010-3500,05/03/2015 07:00,-1.377102,34.98326,155,0,1533
st2010-3500,05/03/2015 09:00,-1.362673,34.994242,147,0,1563
st2010-3500,05/03/2015 11:00,-1.362588,34.994238,56,0,1560
st2010-3500,05/03/2015 13:00,-1.424208,35.029942,115,49.6,2289
st2010-3500,05/03/2015 15:00,-1.39828,35.03705,181,0,1543
st2010-3500,06/03/2015 05:00,-1.386293,35.027263,231,0,1520
st2010-3500,06/03/2015 07:00,-1.386462,35.027813,79,0,1516
st2010-3500,06/03/2015 09:00,-1.362703,34.99421,117,0,1560
st2010-3500,06/03/2015 11:00,-1.36268,34.99421,44,0,1565
st2010-3500,06/03/2015 13:00,-1.362947,34.99571,42,0,1556
st2010-3500,06/03/2015 15:00,-1.362647,34.994233,147,0,1559
st2010-3500,07/03/2015 05:00,-1.381187,35.009548,225,0,1534
st2010-3500,07/03/2015 07:00,-1.361097,34.97583,0,0,1779
st2010-3500,07/03/2015 09:00,-1.362657,34.99423,143,0,1566
st2010-3500,07/03/2015 11:00,-1.36264,34.994255,0,0,1572
st2010-3500,07/03/2015 13:00,-1.362677,34.994188,36,0,1570
st2010-3500,07/03/2015 15:00,-1.365822,35.004708,0,0,1558
st2010-3500,08/03/2015 05:00,-1.381025,35.013272,229,0,1527
st2010-3500,08/03/2015 07:00,-1.379418,35.014162,97,0,1543
st2010-3500,08/03/2015 09:00,-1.362658,34.994213,61,0,1556
st2010-3500,08/03/2015 11:00,-1.46691,34.965742,171,56.1,1739
st2010-3500,08/03/2015 13:00,-1.498225,34.801168,352,77.6,2675
st2010-3500,08/03/2015 15:00,-1.348043,35.00157,130,0,1565
st2010-3500,09/03/2015 05:00,-1.378902,35.007705,234,0,1534
st2010-3500,09/03/2015 06:59,-1.37692,35.006783,0,0,1537
st2010-3500,09/03/2015 09:00,-1.383792,34.996937,141,0,1557
st2010-3500,09/03/2015 10:59,-1.362627,34.994187,0,0,1556
st2010-3500,09/03/2015 13:00,-1.36259,34.994237,57,0,1554
st2010-3500,09/03/2015 14:59,-1.362685,34.994215,0,0,1560
st2010-3500,10/03/2015 05:00,-1.37394,34.992152,197,0,1555
st2010-3500,10/03/2015 07:00,-1.427345,34.941602,194,42.7,1673
st2010-3500,10/03/2015 09:00,-1.462178,34.882297,292,0,1482
st2010-3500,10/03/2015 11:00,-1.462157,34.882292,342,0,1485
st2010-3500,10/03/2015 13:00,-1.454478,34.864487,17,0,1500
st2010-3500,10/03/2015 15:00,-1.454487,34.864485,111,0,1505
st2010-3500,11/03/2015 05:00,-1.45807,34.85579,174,0,1486
st2010-3500,11/03/2015 07:00,-1.503162,34.830122,140,34.4,1596
st2010-3500,11/03/2015 09:00,-1.45844,34.852075,328,0,1472
st2010-3500,11/03/2015 11:00,-1.458408,34.852105,0,0,1479
st2010-3500,11/03/2015 13:00,-1.458435,34.8521,41,0,1481
st2010-3500,11/03/2015 15:00,-1.458467,34.85215,136,0,1474
st2010-3500,12/03/2015 05:00,-1.457288,34.852322,209,0,1473
st2010-3500,12/03/2015 07:00,-1.45701,34.821987,0,0,1457
st2010-3500,12/03/2015 09:00,-1.45734,34.822687,78,0,1459
st2010-3500,12/03/2015 11:00,-1.457318,34.822648,55,0,1456
st2010-3500,12/03/2015 13:00,-1.454488,34.864475,234,0,1507
st2010-3500,12/03/2015 15:00,-1.454527,34.864513,0,0,1506
st2010-3500,13/03/2015 05:00,-1.461722,34.844468,185,0,1488
st2010-3500,13/03/2015 06:59,-1.457337,34.82236,60,0,1449
st2010-3500,13/03/2015 09:00,-1.387323,34.872343,182,39.1,1718
st2010-3500,13/03/2015 11:00,-1.362617,34.994203,11,0,1554
st2010-3500,13/03/2015 13:00,-1.36265,34.99424,31,0,1567
st2010-3500,13/03/2015 15:00,-1.362698,34.994232,106,0,1557
st2010-3500,14/03/2015 05:00,-1.362648,34.994192,224,0,1565
st2010-3500,14/03/2015 07:00,-1.362435,34.99622,17,35.3,1577
st2010-3500,14/03/2015 09:00,-1.483298,35.021378,142,34.9,1827
st2010-3500,14/03/2015 11:00,-1.604112,35.082438,0,0,1516
st2010-3500,14/03/2015 13:00,-1.604897,35.082398,32,0,1536
st2010-3500,14/03/2015 15:00,-1.604948,35.082452,146,0,1549
st2010-3500,15/03/2015 05:00,-1.608357,35.069242,228,0,1536
st2010-3500,15/03/2015 07:00,-1.615062,35.052687,258,0,1559
st2010-3500,15/03/2015 09:00,-1.586148,35.000803,45,0,1494
st2010-3500,15/03/2015 11:00,-1.592155,35.005043,211,34.1,1733
st2010-3500,15/03/2015 13:00,-1.438128,34.919758,133,0,1497
st2010-3500,15/03/2015 15:00,-1.438157,34.919765,18,0,1503
st2010-3500,16/03/2015 05:00,-1.43804,34.919807,184,0,1506
st2010-3500,16/03/2015 07:00,-1.440555,34.915508,228,0,1480
st2010-3500,16/03/2015 09:00,-1.366975,34.994453,331,42.2,1800
st2010-3500,16/03/2015 11:00,-1.355967,34.993793,300,83.3,2100
st2010-3500,16/03/2015 13:00,-1.361832,35.00304,18,45.8,1993
st2010-3500,16/03/2015 15:00,-1.34811,35.0015,308,0,1552
st2010-3500,17/03/2015 05:00,-1.357708,34.997767,232,0,1561
st2010-3500,17/03/2015 07:00,-1.360208,34.997197,0,0,1564
st2010-3500,17/03/2015 09:00,-1.390668,35.02445,129,47.1,1569
st2010-3500,17/03/2015 11:00,-1.343313,34.98636,284,49,2429
st2010-3500,17/03/2015 13:00,-1.422795,34.793947,137,38.1,1862
st2010-3500,17/03/2015 15:00,-1.384778,34.875552,359,0,1538
st2010-3500,18/03/2015 05:00,-1.377955,34.848227,173,0,1560
st2010-3500,18/03/2015 06:59,-1.382205,34.84441,109,0,1557
st2010-3500,18/03/2015 09:00,-1.384422,34.841903,27,0,1541
st2010-3500,18/03/2015 11:00,-1.334153,34.998682,352,25.5,1951
st2010-3500,18/03/2015 13:00,-1.34805,35.001567,97,0,1564
st2010-3500,18/03/2015 15:00,-1.34806,35.001588,229,0,1555
st2010-3500,19/03/2015 05:00,-1.352127,35.002797,167,0,1558
st2010-3500,19/03/2015 07:00,-1.38865,34.840062,240,73.1,1767
st2010-3500,19/03/2015 09:00,-1.383347,34.863535,44,0,1532
st2010-3500,19/03/2015 11:00,-1.382682,34.861815,69,0,1539
st2010-3500,19/03/2015 13:00,-1.381655,34.876067,71,46.3,2171
st2010-3500,19/03/2015 15:00,-1.387015,34.879482,272,0,1585
st2010-3500,20/03/2015 05:00,-1.384838,34.884405,20,40.3,1566
st2010-3500,20/03/2015 07:00,-1.388372,34.884313,216,0,1554
st2010-3500,20/03/2015 09:00,-1.3627,34.994213,158,0,1560
st2010-3500,20/03/2015 11:00,-1.362653,34.994237,55,0,1557
st2010-3500,20/03/2015 13:00,-1.362667,34.994237,167,0,1565
st2010-3500,20/03/2015 15:00,-1.362687,34.994272,117,0,1566
st2010-3500,21/03/2015 05:00,-1.363337,34.992645,152,0,1556
st2010-3500,21/03/2015 07:00,-1.369457,34.98179,89,0,1536
st2010-3500,21/03/2015 09:00,-1.362682,34.994215,71,0,1555
st2010-3500,21/03/2015 11:00,-1.362663,34.994223,321,0,1568
st2010-3500,21/03/2015 13:00,-1.305618,35.000388,352,61.6,2305
st2010-3500,21/03/2015 15:00,-1.362695,34.994238,120,0,1567
st2010-3500,22/03/2015 05:00,-1.376545,34.99928,278,0,1549
st2010-3500,22/03/2015 07:00,-1.433282,34.94225,0,0,1858
st2010-3500,22/03/2015 09:00,-1.454742,34.925448,19,0,1517
st2010-3500,22/03/2015 11:00,-1.604792,35.084445,0,0,1518
st2010-3500,22/03/2015 13:00,-1.60425,35.08542,247,0,1526
st2010-3500,22/03/2015 15:00,-1.602875,35.083452,272,0,1525
st2010-3500,23/03/2015 05:00,-1.598703,35.063003,246,0,1534
st2010-3500,23/03/2015 07:00,-1.569873,35.074902,86,16.2,1733
st2010-3500,23/03/2015 09:00,-1.558878,35.070532,326,0,1535
st2010-3500,23/03/2015 11:00,-1.497903,35.038818,276,57.7,1877
st2010-3500,23/03/2015 13:00,-1.36268,34.994225,181,0,1562
st2010-3500,23/03/2015 15:00,-1.36269,34.994228,180,0,1560
st2010-3500,24/03/2015 05:00,-1.38616,34.9921,118,0,1553
st2010-3500,24/03/2015 06:59,-1.386205,34.992033,0,0,1552
st2010-3500,24/03/2015 09:00,-1.386175,34.992075,47,0,1553
st2010-3500,24/03/2015 11:00,-1.297847,35.036503,163,49,1950
st2010-3500,24/03/2015 13:00,-1.362663,34.994205,68,0,1557
st2010-3500,24/03/2015 14:59,-1.362717,34.994217,0,0,1552
st2010-3500,25/03/2015 05:00,-1.374343,34.997373,203,0,1533
st2010-3500,25/03/2015 07:00,-1.374242,34.99728,152,3.1,1536
st2010-3500,25/03/2015 09:00,-1.354903,35.056097,55,0,1604
st2010-3500,25/03/2015 11:00,-1.354882,35.056078,340,0,1605
st2010-3500,25/03/2015 13:00,-1.322712,35.025045,241,0,1563
st2010-3500,25/03/2015 15:00,-1.321858,35.026462,13,0,1566
st2010-3500,26/03/2015 05:00,-1.321868,35.026552,262,0,1568
st2010-3500,26/03/2015 07:00,-1.324547,35.04313,0,0,1561
st2010-3500,26/03/2015 09:00,-1.357325,35.100642,319,41.6,1867
st2010-3500,26/03/2015 11:00,-1.342378,34.94545,128,46.7,1961
st2010-3500,26/03/2015 13:00,-1.339242,34.950655,40,0,1569
st2010-3500,26/03/2015 15:00,-1.34412,34.95292,136,0,1564
st2010-3500,27/03/2015 05:00,-1.350505,34.958147,324,0,1540
st2010-3500,27/03/2015 07:00,-1.346932,34.963592,0,32.1,1828
st2010-3500,27/03/2015 09:00,-1.361732,34.997978,350,41.3,2047
st2010-3500,27/03/2015 11:00,-1.362657,34.994225,0,0,1577
st2010-3500,27/03/2015 13:00,-1.401893,34.97202,87,0,1575
st2010-3500,27/03/2015 15:00,-1.401898,34.97206,0,0,1580
st2010-3500,28/03/2015 05:00,-1.400932,34.964635,313,0,1563
st2010-3500,28/03/2015 07:00,-1.406932,34.968323,103,63.2,1945
st2010-3500,28/03/2015 09:00,-1.3626,34.994222,135,0,1558
st2010-3500,28/03/2015 11:00,-1.380388,35.009105,351,0,1534
st2010-3500,28/03/2015 13:00,-1.380023,35.010027,127,0,1533
st2010-3500,28/03/2015 15:00,-1.379362,35.010088,61,0,1516
st2010-3500,29/03/2015 05:00,-1.387563,35.01589,288,0,1534
st2010-3500,29/03/2015 06:59,-1.417652,34.981963,355,0,1591
st2010-3500,29/03/2015 09:00,-1.414012,34.979805,241,47.6,1813
st2010-3500,29/03/2015 11:00,-1.362652,34.994242,338,0,1573
st2010-3500,29/03/2015 13:00,-1.36266,34.99421,129,0,1568
st2010-3500,29/03/2015 15:00,-1.362722,34.994233,158,0,1545
st2010-3500,30/03/2015 05:00,-1.376958,35.00047,23,0,1543
st2010-3500,30/03/2015 07:00,-1.395537,34.959397,29,28,1688
st2010-3500,30/03/2015 09:00,-1.397278,34.955443,15,0,1554
st2010-3500,30/03/2015 11:00,-1.343423,34.997475,75,44.3,2220
st2010-3500,30/03/2015 13:00,-1.348023,35.001555,146,0,1571
st2010-3500,30/03/2015 15:00,-1.347993,35.001608,272,0,1567
st2010-3500,31/03/2015 05:00,-1.358355,35.01038,252,0,1552
st2010-3500,31/03/2015 07:00,-1.35839,35.010357,309,0,1556
st2010-3500,31/03/2015 09:00,-1.37656,35.000722,338,0,1536
st2010-3500,31/03/2015 11:00,-1.374285,35.002083,359,0,1541
st2010-3500,31/03/2015 13:00,-1.374263,35.002167,232,0,1543
st2010-3500,31/03/2015 15:00,-1.374222,35.002157,33,0,1546
st2010-3500,01/04/2015 05:00,-1.375058,35.000495,241,0,1530
st2010-3500,01/04/2015 07:00,-1.381333,34.927572,0,0,1820
st2010-3500,01/04/2015 09:00,-1.36415,35.006238,134,49.7,2051
st2010-3500,01/04/2015 11:00,-1.379342,35.007957,0,0,1525
st2010-3500,01/04/2015 13:00,-1.378787,35.008105,128,0,1537
st2010-3500,01/04/2015 15:00,-1.378743,35.008018,0,0,1533
st2010-3500,02/04/2015 05:00,-1.387427,35.013607,67,0,1541
st2010-3500,02/04/2015 07:00,-1.389123,34.995177,236,53.3,1800
st2010-3500,02/04/2015 09:00,-1.37181,34.993493,338,0,1588
st2010-3500,02/04/2015 11:00,-1.37672,34.999295,347,0,1596
st2010-3500,02/04/2015 13:00,-1.35562,34.996917,91,0,1556
st2010-3500,02/04/2015 15:00,-1.362667,34.994187,222,0,1552
st2010-3500,03/04/2015 05:00,-1.36691,34.99736,170,0,1558
st2010-3500,03/04/2015 07:00,-1.375223,34.998185,323,0,1536
st2010-3500,03/04/2015 09:00,-1.372178,34.997725,134,73.9,1706
st2010-3500,03/04/2015 11:00,-1.362682,34.994162,7,0,1597
st2010-3500,03/04/2015 13:00,-1.362692,34.994215,130,0,1564
st2010-3500,03/04/2015 15:00,-1.362668,34.994222,32,0,1549
,,,,,,
,,,,,,
,,,,,,
,,,,,,
,,,,,,
,,,,,,
,,,,,,
,,,,,,
,,,,,,
,,,,,,
,,,,,,
,,,,,,
,,,,,,
,,,,,,
,,,,,,
,,,,,,
,,,,,,
,,,,,,
,,,,,,
,,,,,,
,,,,,,
,,,,,,
,,,,,,
,,,,,,
,,,,,,
,,,,,,
,,,,,,
,,,,,,
,,,,,,
,,,,,,
,,,,,,
,,,,,,
,,,,,,
,,,,,,
,,,,,,
,,,,,,
,,,,,,
,,,,,,
,,,,,,
,,,,,,
,,,,,,
,,,,,,
,,,,,,
,,,,,,
,,,,,,
,,,,,,
,,,,,,
,,,,,,
,,,,,,
,,,,,,
,,,,,,
,,,,,,
,,,,,,
,,,,,,
,,,,,,
,,,,,,
,,,,,,
,,,,,,
,,,,,,
,,,,,,
,,,,,,
,,,,,,
,,,,,,
,,,,,,
,,,,,,
,,,,,,
,,,,,,
,,,,,,
,,,,,,
,,,,,,
,,,,,,
,,,,,,
,,,,,,
,,,,,,
,,,,,,
,,,,,,
,,,,,,
,,,,,,
,,,,,,
,,,,,,
,,,,,,
,,,,,,
,,,,,,
,,,,,,
,,,,,,
,,,,,,
,,,,,,
,,,,,,
,,,,,,
,,,,,,
,,,,,,
,,,,,,
,,,,,,
,,,,,,
,,,,,,
,,,,,,
,,,,,,
,,,,,,
,,,,,,
,,,,,,
,,,,,,
,,,,,,
,,,,,,
,,,,,,
,,,,,,
,,,,,,
,,,,,,
,,,,,,
,,,,,,
,,,,,,
,,,,,,
,,,,,,
,,,,,,
,,,,,,
,,,,,,
,,,,,,
,,,,,,
,,,,,,
,,,,,,
,,,,,,
,,,,,,
,,,,,,
,,,,,,
,,,,,,
,,,,,,
,,,,,,
,,,,,,
,,,,,,
,,,,,,
,,,,,,
,,,,,,
,,,,,,
,,,,,,
,,,,,,
,,,,,,
,,,,,,
,,,,,,
,,,,,,
,,,,,,
,,,,,,
,,,,,,
,,,,,,
,,,,,,
,,,,,,
,,,,,,
,,,,,,
,,,,,,
,,,,,,
,,,,,,
,,,,,,
,,,,,,
,,,,,,
,,,,,,
,,,,,,
,,,,,,
,,,,,,
,,,,,,
,,,,,,
,,,,,,
,,,,,,
,,,,,,
,,,,,,
,,,,,,
,,,,,,
,,,,,,
,,,,,,
,,,,,,
,,,,,,
,,,,,,
,,,,,,
,,,,,,
,,,,,,
,,,,,,
,,,,,,
,,,,,,
,,,,,,
,,,,,,
,,,,,,
,,,,,,
,,,,,,
,,,,,,
,,,,,,
,,,,,,
,,,,,,
,,,,,,
,,,,,,
,,,,,,
,,,,,,
,,,,,,
,,,,,,
,,,,,,
,,,,,,
,,,,,,
,,,,,,
,,,,,,
,,,,,,
,,,,,,
,,,,,,
,,,,,,
,,,,,,
,,,,,,
,,,,,,
,,,,,,
,,,,,,
,,,,,,
,,,,,,
,,,,,,
,,,,,,
,,,,,,
,,,,,,
,,,,,,
,,,,,,
,,,,,,
,,,,,,
,,,,,,
,,,,,,
,,,,,,
,,,,,,
,,,,,,
,,,,,,
,,,,,,
,,,,,,
,,,,,,
,,,,,,
,,,,,,
,,,,,,
,,,,,,
,,,,,,
,,,,,,
,,,,,,
,,,,,,
,,,,,,
,,,,,,
,,,,,,
,,,,,,
,,,,,,
,,,,,,
,,,,,,
,,,,,,
,,,,,,
,,,,,,
,,,,,,
,,,,,,
,,,,,,
,,,,,,
,,,,,,
,,,,,,
,,,,,,
,,,,,,
,,,,,,
,,,,,,
,,,,,,
,,,,,,
,,,,,,
,,,,,,
,,,,,,
,,,,,,
,,,,,,
,,,,,,
,,,,,,
,,,,,,
,,,,,,
,,,,,,
,,,,,,
,,,,,,
,,,,,,
,,,,,,
,,,,,,
,,,,,,
,,,,,,
,,,,,,
,,,,,,
,,,,,,
,,,,,,
,,,,,,
,,,,,,
,,,,,,
,,,,,,
,,,,,,
,,,,,,
,,,,,,
,,,,,,
,,,,,,
,,,,,,
,,,,,,
,,,,,,
,,,,,,
,,,,,,
,,,,,,
,,,,,,
,,,,,,
,,,,,,
,,,,,,
,,,,,,
,,,,,,
,,,,,,
,,,,,,
,,,,,,
,,,,,,
,,,,,,
,,,,,,
,,,,,,
,,,,,,
,,,,,,
,,,,,,
,,,,,,
,,,,,,
,,,,,,
,,,,,,
,,,,,,
,,,,,,
,,,,,,
,,,,,,
,,,,,,
,,,,,,
,,,,,,
,,,,,,
,,,,,,
,,,,,,
,,,,,,
,,,,,,
,,,,,,
,,,,,,
,,,,,,
,,,,,,
,,,,,,
,,,,,,
,,,,,,
,,,,,,
,,,,,,
,,,,,,
,,,,,,
,,,,,,
,,,,,,
,,,,,,
,,,,,,
,,,,,,
,,,,,,
,,,,,,
,,,,,,
,,,,,,
,,,,,,
,,,,,,
,,,,,,
,,,,,,
,,,,,,
,,,,,,
,,,,,,
,,,,,,
,,,,,,
,,,,,,
,,,,,,
,,,,,,
,,,,,,
,,,,,,
,,,,,,
,,,,,,
,,,,,,
,,,,,,
,,,,,,
,,,,,,
,,,,,,
,,,,,,
,,,,,,
,,,,,,
,,,,,,
,,,,,,
,,,,,,
,,,,,,
,,,,,,
,,,,,,
,,,,,,
,,,,,,
,,,,,,
,,,,,,
,,,,,,
,,,,,,
,,,,,,
,,,,,,
,,,,,,
,,,,,,
,,,,,,
,,,,,,
,,,,,,
,,,,,,
,,,,,,
,,,,,,
,,,,,,
,,,,,,
,,,,,,
,,,,,,
,,,,,,
,,,,,,
,,,,,,
,,,,,,
,,,,,,
,,,,,,
,,,,,,
,,,,,,
,,,,,,
,,,,,,
,,,,,,
,,,,,,
,,,,,,
,,,,,,
,,,,,,
,,,,,,
,,,,,,
,,,,,,
,,,,,,
,,,,,,
,,,,,,
,,,,,,
,,,,,,
,,,,,,
,,,,,,
,,,,,,
,,,,,,
,,,,,,
,,,,,,
,,,,,,
,,,,,,
,,,,,,
,,,,,,
,,,,,,
,,,,,,
,,,,,,
,,,,,,
,,,,,,
,,,,,,
,,,,,,
,,,,,,
,,,,,,
,,,,,,
,,,,,,
,,,,,,
,,,,,,
,,,,,,
,,,,,,
,,,,,,
,,,,,,
,,,,,,
,,,,,,
,,,,,,
,,,,,,
,,,,,,
,,,,,,
,,,,,,
,,,,,,
,,,,,,
,,,,,,
,,,,,,
,,,,,,
,,,,,,
,,,,,,
,,,,,,
,,,,,,
,,,,,,
,,,,,,
,,,,,,
,,,,,,
,,,,,,
,,,,,,
,,,,,,
,,,,,,
,,,,,,
,,,,,,
,,,,,,
,,,,,,
,,,,,,
,,,,,,
,,,,,,
,,,,,,
,,,,,,
,,,,,,
,,,,,,
,,,,,,
,,,,,,
,,,,,,
,,,,,,
,,,,,,
,,,,,,
,,,,,,
,,,,,,
,,,,,,
,,,,,,
,,,,,,
,,,,,,
,,,,,,
,,,,,,
,,,,,,
,,,,,,
,,,,,,
,,,,,,
,,,,,,
,,,,,,
,,,,,,
,,,,,,
,,,,,,
,,,,,,
,,,,,,
,,,,,,
,,,,,,
,,,,,,
,,,,,,
,,,,,,
,,,,,,
,,,,,,
,,,,,,
,,,,,,
,,,,,,
,,,,,,
,,,,,,
,,,,,,
,,,,,,
,,,,,,
,,,,,,
,,,,,,
,,,,,,
,,,,,,
,,,,,,
,,,,,,
,,,,,,
,,,,,,
,,,,,,
,,,,,,
,,,,,,
,,,,,,
,,,,,,
,,,,,,
,,,,,,
,,,,,,
,,,,,,
,,,,,,
,,,,,,
,,,,,,
,,,,,,
,,,,,,
,,,,,,
,,,,,,
,,,,,,
,,,,,,
,,,,,,
,,,,,,
,,,,,,
,,,,,,
,,,,,,
,,,,,,
,,,,,,
,,,,,,
,,,,,,
,,,,,,
,,,,,,
,,,,,,
,,,,,,
,,,,,,
,,,,,,
,,,,,,
,,,,,,
,,,,,,
,,,,,,
,,,,,,
,,,,,,
,,,,,,
,,,,,,
,,,,,,
,,,,,,
,,,,,,
,,,,,,
,,,,,,
,,,,,,
,,,,,,
,,,,,,
,,,,,,
,,,,,,
,,,,,,
,,,,,,
,,,,,,
,,,,,,
,,,,,,
,,,,,,
,,,,,,
,,,,,,
,,,,,,
,,,,,,
,,,,,,
,,,,,,
,,,,,,
,,,,,,
,,,,,,
,,,,,,
,,,,,,
,,,,,,
,,,,,,
,,,,,,
,,,,,,
,,,,,,
,,,,,,
,,,,,,
,,,,,,
,,,,,,
,,,,,,
,,,,,,
,,,,,,
,,,,,,
,,,,,,
,,,,,,
,,,,,,
,,,,,,
,,,,,,
,,,,,,
,,,,,,
,,,,,,
,,,,,,
,,,,,,
,,,,,,
,,,,,,
,,,,,,
,,,,,,
,,,,,,
,,,,,,
,,,,,,
,,,,,,
,,,,,,
,,,,,,
,,,,,,
,,,,,,
,,,,,,
,,,,,,
,,,,,,
,,,,,,
,,,,,,
,,,,,,
,,,,,,
,,,,,,
,,,,,,
,,,,,,
,,,,,,
,,,,,,
,,,,,,
,,,,,,
,,,,,,
,,,,,,
,,,,,,
,,,,,,
,,,,,,
,,,,,,
,,,,,,
,,,,,,
,,,,,,
,,,,,,
,,,,,,
,,,,,,
,,,,,,
,,,,,,
,,,,,,
,,,,,,
,,,,,,
,,,,,,
,,,,,,
,,,,,,
,,,,,,
,,,,,,
,,,,,,
,,,,,,
,,,,,,
,,,,,,
,,,,,,
,,,,,,
,,,,,,
,,,,,,
,,,,,,
,,,,,,
,,,,,,
,,,,,,
,,,,,,
,,,,,,
,,,,,,
,,,,,,
,,,,,,
,,,,,,
,,,,,,
,,,,,,
,,,,,,
,,,,,,
,,,,,,
,,,,,,
,,,,,,
,,,,,,
,,,,,,
,,,,,,
,,,,,,
,,,,,,
,,,,,,
,,,,,,
,,,,,,
,,,,,,
,,,,,,
,,,,,,
,,,,,,
,,,,,,
,,,,,,
,,,,,,
,,,,,,
,,,,,,
,,,,,,
,,,,,,
,,,,,,
,,,,,,
,,,,,,
,,,,,,
,,,,,,
,,,,,,
,,,,,,
,,,,,,
,,,,,,
,,,,,,
,,,,,,
,,,,,,
,,,,,,
,,,,,,
,,,,,,
,,,,,,
,,,,,,
,,,,,,
,,,,,,
,,,,,,
,,,,,,
,,,,,,
,,,,,,
,,,,,,
,,,,,,
,,,,,,
,,,,,,
,,,,,,
,,,,,,
,,,,,,
,,,,,,
,,,,,,
,,,,,,
,,,,,,
,,,,,,
,,,,,,
,,,,,,
,,,,,,
,,,,,,
,,,,,,
,,,,,,
,,,,,,
,,,,,,
,,,,,,
,,,,,,
,,,,,,
,,,,,,
,,,,,,
,,,,,,
,,,,,,
,,,,,,
,,,,,,
,,,,,,
,,,,,,
,,,,,,
,,,,,,
,,,,,,
,,,,,,
,,,,,,
,,,,,,
,,,,,,
,,,,,,
,,,,,,
,,,,,,
,,,,,,
,,,,,,
,,,,,,
,,,,,,
,,,,,,
,,,,,,
,,,,,,
,,,,,,
,,,,,,
,,,,,,
,,,,,,
,,,,,,
,,,,,,
,,,,,,
,,,,,,
,,,,,,
,,,,,,
,,,,,,
,,,,,,
,,,,,,
,,,,,,
,,,,,,
,,,,,,
,,,,,,
,,,,,,
,,,,,,
,,,,,,
,,,,,,
,,,,,,
,,,,,,
,,,,,,
,,,,,,
,,,,,,
,,,,,,
,,,,,,
,,,,,,
,,,,,,
,,,,,,
,,,,,,
,,,,,,
,,,,,,
,,,,,,
,,,,,,
,,,,,,
,,,,,,
,,,,,,
,,,,,,
,,,,,,
,,,,,,
,,,,,,
,,,,,,
,,,,,,
,,,,,,
,,,,,,
,,,,,,
,,,,,,
,,,,,,
,,,,,,
,,,,,,
,,,,,,
,,,,,,
,,,,,,
,,,,,,
,,,,,,
,,,,,,
,,,,,,
,,,,,,
,,,,,,
,,,,,,
,,,,,,
,,,,,,
,,,,,,
,,,,,,
,,,,,,
,,,,,,
,,,,,,
,,,,,,
,,,,,,
,,,,,,
,,,,,,
,,,,,,
,,,,,,
,,,,,,
,,,,,,
,,,,,,
,,,,,,
,,,,,,
,,,,,,
,,,,,,
,,,,,,
,,,,,,
,,,,,,
,,,,,,
,,,,,,
,,,,,,
,,,,,,
,,,,,,
,,,,,,
,,,,,,
,,,,,,
,,,,,,
,,,,,,
,,,,,,
,,,,,,
,,,,,,
,,,,,,
,,,,,,
,,,,,,
,,,,,,
,,,,,,
,,,,,,
,,,,,,
,,,,,,
,,,,,,
,,,,,,
,,,,,,
,,,,,,
,,,,,,
,,,,,,
,,,,,,
,,,,,,
,,,,,,
,,,,,,
,,,,,,
,,,,,,
,,,,,,
,,,,,,
,,,,,,
,,,,,,
,,,,,,
,,,,,,
,,,,,,
,,,,,,
,,,,,,
,,,,,,
,,,,,,
,,,,,,
,,,,,,
,,,,,,
,,,,,,
,,,,,,
,,,,,,
,,,,,,
,,,,,,
,,,,,,
,,,,,,
,,,,,,
,,,,,,
,,,,,,
,,,,,,
,,,,,,
,,,,,,
,,,,,,
,,,,,,
,,,,,,
,,,,,,
,,,,,,
,,,,,,
,,,,,,
,,,,,,
,,,,,,
,,,,,,
,,,,,,
,,,,,,
,,,,,,
,,,,,,
,,,,,,
,,,,,,
,,,,,,
,,,,,,
,,,,,,
,,,,,,
,,,,,,
,,,,,,
,,,,,,
,,,,,,
,,,,,,
,,,,,,
,,,,,,
,,,,,,
,,,,,,
,,,,,,
,,,,,,
,,,,,,
,,,,,,
,,,,,,
,,,,,,
,,,,,,
,,,,,,
,,,,,,
,,,,,,
,,,,,,
,,,,,,
,,,,,,
,,,,,,
,,,,,,
,,,,,,
,,,,,,
,,,,,,
,,,,,,
,,,,,,
,,,,,,
,,,,,,
,,,,,,
,,,,,,
,,,,,,
,,,,,,
,,,,,,
,,,,,,
,,,,,,
,,,,,,
,,,,,,
,,,,,,
,,,,,,
,,,,,,
,,,,,,
,,,,,,
,,,,,,
,,,,,,
,,,,,,
,,,,,,
,,,,,,
,,,,,,
,,,,,,
,,,,,,
,,,,,,
,,,,,,
,,,,,,
,,,,,,
,,,,,,
,,,,,,
,,,,,,
,,,,,,
,,,,,,
,,,,,,
,,,,,,
,,,,,,
,,,,,,
,,,,,,
,,,,,,
,,,,,,
,,,,,,
,,,,,,
,,,,,,
,,,,,,
,,,,,,
,,,,,,
,,,,,,
,,,,,,
,,,,,,
,,,,,,
,,,,,,
,,,,,,
,,,,,,
,,,,,,
,,,,,,
,,,,,,
,,,,,,
,,,,,,
,,,,,,
,,,,,,
,,,,,,
,,,,,,
,,,,,,
,,,,,,
,,,,,,
,,,,,,
,,,,,,
,,,,,,
,,,,,,
,,,,,,
,,,,,,
,,,,,,
,,,,,,
,,,,,,
,,,,,,
,,,,,,
,,,,,,
,,,,,,
,,,,,,
,,,,,,
,,,,,,
,,,,,,
,,,,,,
,,,,,,
,,,,,,
,,,,,,
,,,,,,
,,,,,,
,,,,,,
,,,,,,
,,,,,,
,,,,,,
,,,,,,
,,,,,,
,,,,,,
,,,,,,
,,,,,,
,,,,,,
,,,,,,
,,,,,,
,,,,,,
,,,,,,
,,,,,,
,,,,,,
,,,,,,
,,,,,,
,,,,,,
,,,,,,
,,,,,,
,,,,,,
